<?xml version="1.0" encoding="utf-8"?>
<template_modifications>
  <modification type="public" template="account_preferences" modification_key="wutime_userhideavatars_account_preferences" description="Add option to account_preferences to hide avatars" execution_order="10" enabled="1" action="str_replace">
    <find><![CDATA[<xf:macro template="helper_account" name="activity_privacy_row" />]]></find>
    <replace><![CDATA[<xf:include template="wutime_userhideavatars_option_code"/>

$0]]></replace>
  </modification>
</template_modifications>
