{
    "src/addons/Wutime/UserHideAvatars/#backup/addon.json": "244e9a1df3c7591441fa89e8584713835f00c56ef4811cb107eaaea2cd81db50",
    "src/addons/Wutime/UserHideAvatars/#backup/LICENSE": "612c811a657ffafa5e4eec83aa4c122d0be3256e1543e35b1ed31fc113f96aa3",
    "src/addons/Wutime/UserHideAvatars/#backup/Setup.php": "e9e7d85e1d194cbfd27c39ac94f3839b0fb58795c6bac06cd1f74fe2bd136dd8",
    "src/addons/Wutime/UserHideAvatars/#backup/wu-logo-medium.png": "b8b46524d2e0c1db838c6658bdc92446c9f928e69c2d89ec9bb62d9744e8e64f",
    "src/addons/Wutime/UserHideAvatars/#backup/XF/Entity/User.php": "48f93b2dea808c99c16f08721a94549cd9f49d98f21a16f2b21c2c7f8238214c",
    "src/addons/Wutime/UserHideAvatars/#backup/XF/Entity/UserOption.php": "b2f9fc4e8538abeb22b3cfe29149d095c1a421d5db421c1ac12602307140650e",
    "src/addons/Wutime/UserHideAvatars/#backup/XF/Pub/Controller/Account.php": "82c1b101ee064a7d06b61f65784659e74468903c79ee557b476b3ff7aab1312f",
    "src/addons/Wutime/UserHideAvatars/#backup/XF/Pub/View/SitePreferences.php": "e3b0c44298fc1c149afbf4c8996fb92427ae41e4649b934ca495991b7852b855",
    "src/addons/Wutime/UserHideAvatars/#backup/_data/admin_navigation.xml": "064ec797484ac00d5ee37367b50b06846d11f480d00550997712707f8fdac8c0",
    "src/addons/Wutime/UserHideAvatars/#backup/_data/admin_permission.xml": "ec6fb97cebf0bceb24f1ed1d5778c1db54eeb7535fbb3e31d824840e7aa9ff87",
    "src/addons/Wutime/UserHideAvatars/#backup/_data/advertising_positions.xml": "d2f7cbe844bb1df3cf878d22ff6306249245c8ff6b0b87b9b729744bec538261",
    "src/addons/Wutime/UserHideAvatars/#backup/_data/api_scopes.xml": "6793eaf758f140e8137187ba20e65f4faccf53410433ae3ad7a8b3b38cb6b3b7",
    "src/addons/Wutime/UserHideAvatars/#backup/_data/bb_codes.xml": "faa4ddd5f4a365e5ac39aebdcbe2d25aedf74e7eb9ea4a812766e2fd5e13bdb1",
    "src/addons/Wutime/UserHideAvatars/#backup/_data/bb_code_media_sites.xml": "29762987990187b33e43cfb68c08dc917b2d3f0176613d78f8e6c453f82da3f3",
    "src/addons/Wutime/UserHideAvatars/#backup/_data/class_extensions.xml": "ade542b90b8f8d9d52a2fcbed875e87ca472f263774dac1d0875437a91b8ec81",
    "src/addons/Wutime/UserHideAvatars/#backup/_data/code_events.xml": "8370dec3df47f91df4cf79da253446ad11b29f4ea568fe76c774e97a0379f0eb",
    "src/addons/Wutime/UserHideAvatars/#backup/_data/code_event_listeners.xml": "d6b5072f4909dee7a20ee9e44b163f95c8aa52e6ac7f573e292000cd9238c331",
    "src/addons/Wutime/UserHideAvatars/#backup/_data/content_type_fields.xml": "c7ad5472b28f465b7ac7617627707eba1b7a39d28089460d52e1ed292fc0b06a",
    "src/addons/Wutime/UserHideAvatars/#backup/_data/cron.xml": "323c4284742ef24329cd6db6f288eb9736d2353f36852e1db12591e1583aea26",
    "src/addons/Wutime/UserHideAvatars/#backup/_data/help_pages.xml": "a8a0c0b06cdc550438bc8a8d385af3e1e5ab3459877dfb934c1c31be59c89163",
    "src/addons/Wutime/UserHideAvatars/#backup/_data/member_stats.xml": "89fb2b93ff1eca7a1f6f752248edf6090dfd24037db1446fd18ff7143f08124d",
    "src/addons/Wutime/UserHideAvatars/#backup/_data/navigation.xml": "f75e1c03a45a360bbdfcd0567121665082315068475d5b0feb8b1acbb1688651",
    "src/addons/Wutime/UserHideAvatars/#backup/_data/options.xml": "1cea29aa5671733d85c8fc6f7c66128eacbca5643cbb38585eb82002879b51a4",
    "src/addons/Wutime/UserHideAvatars/#backup/_data/option_groups.xml": "154d7a89664b243d0bd8227c22e241f934bf7e196c83230ee23d3c0c4fba1333",
    "src/addons/Wutime/UserHideAvatars/#backup/_data/permissions.xml": "7e4fc7d5826733d15ea2d8936b9bdd41afcaad810eb38e50da3c8d8eafda1550",
    "src/addons/Wutime/UserHideAvatars/#backup/_data/permission_interface_groups.xml": "3177224e96458b829aa7fb24866dda9e0455a4922aee3d669b53f59a1ffdf5d1",
    "src/addons/Wutime/UserHideAvatars/#backup/_data/phrases.xml": "0d641c0daf4a15c84c3893636f4f739800c76aaf1a667134a7da6993fa959cb3",
    "src/addons/Wutime/UserHideAvatars/#backup/_data/routes.xml": "550fa64f9feedf137dd877b38c2684f94474619d2d83890dbb717a91b50da8f5",
    "src/addons/Wutime/UserHideAvatars/#backup/_data/style_properties.xml": "8b8690a8512f01f219dd2da76e3d0c5f62afc1f317b87794a7331c859c36a7a8",
    "src/addons/Wutime/UserHideAvatars/#backup/_data/style_property_groups.xml": "68e1879cb3846c42d978487aa8d5145ff3335fc39e58016878824d5cf3fd684c",
    "src/addons/Wutime/UserHideAvatars/#backup/_data/templates.xml": "95b16e2a52b1bace4e85dbf4b8b2c757c2e3fb7761370e3be59be9ebf57f7b6d",
    "src/addons/Wutime/UserHideAvatars/#backup/_data/template_modifications.xml": "93efa8942e5b846f023b53153c8b902a47ae33c3ba39ad0064a898afb9224a25",
    "src/addons/Wutime/UserHideAvatars/#backup/_data/widget_definitions.xml": "37e46965256430f24004c2e7f08ba08f9b0d1cbcc4d70e84b3f4e3ffb713e64b",
    "src/addons/Wutime/UserHideAvatars/#backup/_data/widget_positions.xml": "a29cee66134f6bc5d75ed9df1eef21096c24401915c5b5c774389c3d7bb2d5b3",
    "src/addons/Wutime/UserHideAvatars/#backup/_output/class_extensions/XF-Entity-UserOption_Wutime-UserHideAvatars-XF-Entity-UserOption.json": "73f6ed81a2699ec0e1aad3bbfb7f764d8dd738124efb2e07d60653e3b0dbbf5d",
    "src/addons/Wutime/UserHideAvatars/#backup/_output/class_extensions/_metadata.json": "fc5bbe9719d6e3a297eb0d5abf46f2f49ebbcced4c889f6f22234c71dcd8cf89",
    "src/addons/Wutime/UserHideAvatars/#backup/_output/extension_hint.php": "5080a78fcc79b1cf715e6ec9c86cce40b94a93b416eb5ef47b25849636dde81c",
    "src/addons/Wutime/UserHideAvatars/#backup/_output/option_groups/wutime_userhide_avatars_options.json": "7d2cfbbd770580a1660c047e4920adb92d23e2e661b2ecff686e22ec546fcb2a",
    "src/addons/Wutime/UserHideAvatars/#backup/_output/option_groups/_metadata.json": "004d9bb4c41c9275ee98c1c8cc2c54434e17dbf587cd2219bb82d411fef23919",
    "src/addons/Wutime/UserHideAvatars/#backup/_output/phrases/option_group.wutime_userhide_avatars_options.txt": "d36001ec9ea8da255d1776008188f879d373bd2e701a61ded1033c62e7b8dc37",
    "src/addons/Wutime/UserHideAvatars/#backup/_output/phrases/wutime_userhideavatars_accessibility_title.txt": "fa3c6b2ae7aa4087a05e8474bc7dd3ea5490180d06546c34fed832d7fdd18d5a",
    "src/addons/Wutime/UserHideAvatars/#backup/_output/phrases/wutime_userhideavatars_option_title.txt": "e8e9a117e5b72ddf0630c2e2fee5300f05262fc5c295ecd5fff544e72af39d50",
    "src/addons/Wutime/UserHideAvatars/#backup/_output/phrases/_metadata.json": "a5e570b3cc7a1035a82fb5c283475e51957a1b0cd9f83e125b7c58f28b158669",
    "src/addons/Wutime/UserHideAvatars/#backup/_output/templates/public/wutime_userhideavatars_account_preferences.html": "fe57a61574b1f6e538d5bcb6aa20b57cc335807e9699efb0fe63c2e9461e044e",
    "src/addons/Wutime/UserHideAvatars/#backup/_output/templates/public/wutime_userhideavatars_option_code.html": "d24a25a0d0960e7dd1b7f242808d48236cd52426eeb3c8be2c678bfa726f59e7",
    "src/addons/Wutime/UserHideAvatars/#backup/_output/templates/_metadata.json": "f6854d5e8eb0b2892f2ce298534771e73235d8f20c3d53444249473ef6b9a0d7",
    "src/addons/Wutime/UserHideAvatars/#backup/_output/template_modifications/public/wutime_userhideavatars_account_preferences.json": "ac2a1544f8acd5695022e9464c38917e6797f6b375e09f6bd0c36cae25006869",
    "src/addons/Wutime/UserHideAvatars/#backup/_output/template_modifications/_metadata.json": "cd6a293ef202085d6591c82ed30b0cba2467c1c0cca8ea092a515794ea157cd8",
    "src/addons/Wutime/UserHideAvatars/#backup/_releases/Wutime-UserHideAvatars-1.0.0 Alpha.zip": "a7cc6be1ce832331b10af924d9500e76b7b340ee3aa6c1f7e0a0193a14549d0a",
    "src/addons/Wutime/UserHideAvatars/#backup/_releases/Wutime-UserHideAvatars-1.0.1.zip": "94fdb44e7a373268023a66d778d3d5f982d9baa5d97527170e76422a69077b0a",
    "src/addons/Wutime/UserHideAvatars/#backup/_releases/Wutime-UserHideAvatars-1.1.zip": "831019012a79f3203f424bc7b4dc1b04c8f834331b0e34b92963e2d2542cd283",
    "src/addons/Wutime/UserHideAvatars/addon.json": "6df9ef55cd080055fd614669932d3055dbb26db985b03aab78ea1193adf48e34",
    "src/addons/Wutime/UserHideAvatars/Setup.php": "e9e7d85e1d194cbfd27c39ac94f3839b0fb58795c6bac06cd1f74fe2bd136dd8",
    "src/addons/Wutime/UserHideAvatars/XF/Entity/User.php": "48f93b2dea808c99c16f08721a94549cd9f49d98f21a16f2b21c2c7f8238214c",
    "src/addons/Wutime/UserHideAvatars/XF/Entity/UserOption.php": "b2f9fc4e8538abeb22b3cfe29149d095c1a421d5db421c1ac12602307140650e",
    "src/addons/Wutime/UserHideAvatars/XF/Pub/Controller/Account.php": "82c1b101ee064a7d06b61f65784659e74468903c79ee557b476b3ff7aab1312f",
    "src/addons/Wutime/UserHideAvatars/_data/admin_navigation.xml": "064ec797484ac00d5ee37367b50b06846d11f480d00550997712707f8fdac8c0",
    "src/addons/Wutime/UserHideAvatars/_data/admin_permission.xml": "ec6fb97cebf0bceb24f1ed1d5778c1db54eeb7535fbb3e31d824840e7aa9ff87",
    "src/addons/Wutime/UserHideAvatars/_data/advertising_positions.xml": "d2f7cbe844bb1df3cf878d22ff6306249245c8ff6b0b87b9b729744bec538261",
    "src/addons/Wutime/UserHideAvatars/_data/api_scopes.xml": "6793eaf758f140e8137187ba20e65f4faccf53410433ae3ad7a8b3b38cb6b3b7",
    "src/addons/Wutime/UserHideAvatars/_data/bb_codes.xml": "faa4ddd5f4a365e5ac39aebdcbe2d25aedf74e7eb9ea4a812766e2fd5e13bdb1",
    "src/addons/Wutime/UserHideAvatars/_data/bb_code_media_sites.xml": "29762987990187b33e43cfb68c08dc917b2d3f0176613d78f8e6c453f82da3f3",
    "src/addons/Wutime/UserHideAvatars/_data/class_extensions.xml": "ade542b90b8f8d9d52a2fcbed875e87ca472f263774dac1d0875437a91b8ec81",
    "src/addons/Wutime/UserHideAvatars/_data/code_events.xml": "8370dec3df47f91df4cf79da253446ad11b29f4ea568fe76c774e97a0379f0eb",
    "src/addons/Wutime/UserHideAvatars/_data/code_event_listeners.xml": "d6b5072f4909dee7a20ee9e44b163f95c8aa52e6ac7f573e292000cd9238c331",
    "src/addons/Wutime/UserHideAvatars/_data/content_type_fields.xml": "c7ad5472b28f465b7ac7617627707eba1b7a39d28089460d52e1ed292fc0b06a",
    "src/addons/Wutime/UserHideAvatars/_data/cron.xml": "323c4284742ef24329cd6db6f288eb9736d2353f36852e1db12591e1583aea26",
    "src/addons/Wutime/UserHideAvatars/_data/help_pages.xml": "a8a0c0b06cdc550438bc8a8d385af3e1e5ab3459877dfb934c1c31be59c89163",
    "src/addons/Wutime/UserHideAvatars/_data/member_stats.xml": "89fb2b93ff1eca7a1f6f752248edf6090dfd24037db1446fd18ff7143f08124d",
    "src/addons/Wutime/UserHideAvatars/_data/navigation.xml": "f75e1c03a45a360bbdfcd0567121665082315068475d5b0feb8b1acbb1688651",
    "src/addons/Wutime/UserHideAvatars/_data/options.xml": "1cea29aa5671733d85c8fc6f7c66128eacbca5643cbb38585eb82002879b51a4",
    "src/addons/Wutime/UserHideAvatars/_data/option_groups.xml": "154d7a89664b243d0bd8227c22e241f934bf7e196c83230ee23d3c0c4fba1333",
    "src/addons/Wutime/UserHideAvatars/_data/permissions.xml": "7e4fc7d5826733d15ea2d8936b9bdd41afcaad810eb38e50da3c8d8eafda1550",
    "src/addons/Wutime/UserHideAvatars/_data/permission_interface_groups.xml": "3177224e96458b829aa7fb24866dda9e0455a4922aee3d669b53f59a1ffdf5d1",
    "src/addons/Wutime/UserHideAvatars/_data/phrases.xml": "0d641c0daf4a15c84c3893636f4f739800c76aaf1a667134a7da6993fa959cb3",
    "src/addons/Wutime/UserHideAvatars/_data/routes.xml": "550fa64f9feedf137dd877b38c2684f94474619d2d83890dbb717a91b50da8f5",
    "src/addons/Wutime/UserHideAvatars/_data/style_properties.xml": "8b8690a8512f01f219dd2da76e3d0c5f62afc1f317b87794a7331c859c36a7a8",
    "src/addons/Wutime/UserHideAvatars/_data/style_property_groups.xml": "68e1879cb3846c42d978487aa8d5145ff3335fc39e58016878824d5cf3fd684c",
    "src/addons/Wutime/UserHideAvatars/_data/templates.xml": "95b16e2a52b1bace4e85dbf4b8b2c757c2e3fb7761370e3be59be9ebf57f7b6d",
    "src/addons/Wutime/UserHideAvatars/_data/template_modifications.xml": "93efa8942e5b846f023b53153c8b902a47ae33c3ba39ad0064a898afb9224a25",
    "src/addons/Wutime/UserHideAvatars/_data/widget_definitions.xml": "37e46965256430f24004c2e7f08ba08f9b0d1cbcc4d70e84b3f4e3ffb713e64b",
    "src/addons/Wutime/UserHideAvatars/_data/widget_positions.xml": "a29cee66134f6bc5d75ed9df1eef21096c24401915c5b5c774389c3d7bb2d5b3"
}