{
    "option_group.wutime_userhide_avatars_options.txt": {
        "global_cache": false,
        "version_id": 1,
        "version_string": "1.0.0 Alpha",
        "hash": "445410308b708cf3034ee68aa2b5c9b7"
    },
    "option_group_description.wutime_userhide_avatars_options.txt": {
        "global_cache": false,
        "version_id": 1,
        "version_string": "1.0.0 Alpha",
        "hash": "d41d8cd98f00b204e9800998ecf8427e"
    },
    "wutime_userhideavatars_accessibility_title.txt": {
        "global_cache": false,
        "version_id": 1,
        "version_string": "1.0.0 Alpha",
        "hash": "064ef30dc0ea0cd22e2bfd6564bdc700"
    },
    "wutime_userhideavatars_option_title.txt": {
        "global_cache": false,
        "version_id": 1,
        "version_string": "1.0.0 Alpha",
        "hash": "249932a43b0a40b5050ca2c679892a01"
    }
}