{
    "src/addons/Wutime/UserHideAvatars/addon.json": "244e9a1df3c7591441fa89e8584713835f00c56ef4811cb107eaaea2cd81db50",
    "src/addons/Wutime/UserHideAvatars/LICENSE": "612c811a657ffafa5e4eec83aa4c122d0be3256e1543e35b1ed31fc113f96aa3",
    "src/addons/Wutime/UserHideAvatars/Setup.php": "e9e7d85e1d194cbfd27c39ac94f3839b0fb58795c6bac06cd1f74fe2bd136dd8",
    "src/addons/Wutime/UserHideAvatars/wu-logo-medium.png": "b8b46524d2e0c1db838c6658bdc92446c9f928e69c2d89ec9bb62d9744e8e64f",
    "src/addons/Wutime/UserHideAvatars/XF/Entity/User.php": "48f93b2dea808c99c16f08721a94549cd9f49d98f21a16f2b21c2c7f8238214c",
    "src/addons/Wutime/UserHideAvatars/XF/Entity/UserOption.php": "b2f9fc4e8538abeb22b3cfe29149d095c1a421d5db421c1ac12602307140650e",
    "src/addons/Wutime/UserHideAvatars/XF/Pub/Controller/Account.php": "82c1b101ee064a7d06b61f65784659e74468903c79ee557b476b3ff7aab1312f",
    "src/addons/Wutime/UserHideAvatars/XF/Pub/View/SitePreferences.php": "e3b0c44298fc1c149afbf4c8996fb92427ae41e4649b934ca495991b7852b855",
    "src/addons/Wutime/UserHideAvatars/_data/admin_navigation.xml": "064ec797484ac00d5ee37367b50b06846d11f480d00550997712707f8fdac8c0",
    "src/addons/Wutime/UserHideAvatars/_data/admin_permission.xml": "ec6fb97cebf0bceb24f1ed1d5778c1db54eeb7535fbb3e31d824840e7aa9ff87",
    "src/addons/Wutime/UserHideAvatars/_data/advertising_positions.xml": "d2f7cbe844bb1df3cf878d22ff6306249245c8ff6b0b87b9b729744bec538261",
    "src/addons/Wutime/UserHideAvatars/_data/api_scopes.xml": "6793eaf758f140e8137187ba20e65f4faccf53410433ae3ad7a8b3b38cb6b3b7",
    "src/addons/Wutime/UserHideAvatars/_data/bb_codes.xml": "faa4ddd5f4a365e5ac39aebdcbe2d25aedf74e7eb9ea4a812766e2fd5e13bdb1",
    "src/addons/Wutime/UserHideAvatars/_data/bb_code_media_sites.xml": "29762987990187b33e43cfb68c08dc917b2d3f0176613d78f8e6c453f82da3f3",
    "src/addons/Wutime/UserHideAvatars/_data/class_extensions.xml": "ade542b90b8f8d9d52a2fcbed875e87ca472f263774dac1d0875437a91b8ec81",
    "src/addons/Wutime/UserHideAvatars/_data/code_events.xml": "8370dec3df47f91df4cf79da253446ad11b29f4ea568fe76c774e97a0379f0eb",
    "src/addons/Wutime/UserHideAvatars/_data/code_event_listeners.xml": "d6b5072f4909dee7a20ee9e44b163f95c8aa52e6ac7f573e292000cd9238c331",
    "src/addons/Wutime/UserHideAvatars/_data/content_type_fields.xml": "c7ad5472b28f465b7ac7617627707eba1b7a39d28089460d52e1ed292fc0b06a",
    "src/addons/Wutime/UserHideAvatars/_data/cron.xml": "323c4284742ef24329cd6db6f288eb9736d2353f36852e1db12591e1583aea26",
    "src/addons/Wutime/UserHideAvatars/_data/help_pages.xml": "a8a0c0b06cdc550438bc8a8d385af3e1e5ab3459877dfb934c1c31be59c89163",
    "src/addons/Wutime/UserHideAvatars/_data/member_stats.xml": "89fb2b93ff1eca7a1f6f752248edf6090dfd24037db1446fd18ff7143f08124d",
    "src/addons/Wutime/UserHideAvatars/_data/navigation.xml": "f75e1c03a45a360bbdfcd0567121665082315068475d5b0feb8b1acbb1688651",
    "src/addons/Wutime/UserHideAvatars/_data/options.xml": "1cea29aa5671733d85c8fc6f7c66128eacbca5643cbb38585eb82002879b51a4",
    "src/addons/Wutime/UserHideAvatars/_data/option_groups.xml": "154d7a89664b243d0bd8227c22e241f934bf7e196c83230ee23d3c0c4fba1333",
    "src/addons/Wutime/UserHideAvatars/_data/permissions.xml": "7e4fc7d5826733d15ea2d8936b9bdd41afcaad810eb38e50da3c8d8eafda1550",
    "src/addons/Wutime/UserHideAvatars/_data/permission_interface_groups.xml": "3177224e96458b829aa7fb24866dda9e0455a4922aee3d669b53f59a1ffdf5d1",
    "src/addons/Wutime/UserHideAvatars/_data/phrases.xml": "0d641c0daf4a15c84c3893636f4f739800c76aaf1a667134a7da6993fa959cb3",
    "src/addons/Wutime/UserHideAvatars/_data/routes.xml": "550fa64f9feedf137dd877b38c2684f94474619d2d83890dbb717a91b50da8f5",
    "src/addons/Wutime/UserHideAvatars/_data/style_properties.xml": "8b8690a8512f01f219dd2da76e3d0c5f62afc1f317b87794a7331c859c36a7a8",
    "src/addons/Wutime/UserHideAvatars/_data/style_property_groups.xml": "68e1879cb3846c42d978487aa8d5145ff3335fc39e58016878824d5cf3fd684c",
    "src/addons/Wutime/UserHideAvatars/_data/templates.xml": "95b16e2a52b1bace4e85dbf4b8b2c757c2e3fb7761370e3be59be9ebf57f7b6d",
    "src/addons/Wutime/UserHideAvatars/_data/template_modifications.xml": "93efa8942e5b846f023b53153c8b902a47ae33c3ba39ad0064a898afb9224a25",
    "src/addons/Wutime/UserHideAvatars/_data/widget_definitions.xml": "37e46965256430f24004c2e7f08ba08f9b0d1cbcc4d70e84b3f4e3ffb713e64b",
    "src/addons/Wutime/UserHideAvatars/_data/widget_positions.xml": "a29cee66134f6bc5d75ed9df1eef21096c24401915c5b5c774389c3d7bb2d5b3"
}